Disease,URL
Acute rheumatic fever and rheumatic heart disease,https://www.healthywa.wa.gov.au//Articles/A_E/Acute-rheumatic-fever-and-rheumatic-heart-disease
Alzheimer’s disease,https://www.healthywa.wa.gov.au//Articles/A_E/Alzheimers-disease
Anaemia,https://www.healthywa.wa.gov.au//Articles/A_E/Anaemia
Anaphylaxis,https://www.healthywa.wa.gov.au//Articles/A_E/Anaphylaxis
Angina,https://www.healthywa.wa.gov.au//Articles/A_E/Angina
Anita Clayton Centre,https://www.healthywa.wa.gov.au//Articles/A_E/Anita-Clayton-Centre
Ankylosing spondylitis,https://www.healthywa.wa.gov.au//Articles/A_E/Ankylosing-spondylitis
Anorexia nervosa,https://www.healthywa.wa.gov.au//Articles/A_E/Anorexia-nervosa
Anxiety and panic,https://www.healthywa.wa.gov.au//Articles/A_E/Anxiety-and-panic
Anxiety – reversing the vicious cycle,https://www.healthywa.wa.gov.au//Articles/A_E/Anxiety-reversing-the-vicious-cycle
Arrhythmias (abnormal heart rhythms),https://www.healthywa.wa.gov.au//Articles/A_E/Arrhythmias-abnormal-heart-rhythms
Asthma,https://www.healthywa.wa.gov.au//Health-conditions/Asthma
Atrial fibrillation,https://www.healthywa.wa.gov.au//Articles/A_E/Atrial-fibrillation
Autism,https://www.healthywa.wa.gov.au//Articles/A_E/Autism
Bacterial vaginosis,https://www.healthywa.wa.gov.au//Articles/A_E/Bacterial-vaginosis
Bipolar disorder,https://www.healthywa.wa.gov.au//Articles/A_E/Bipolar-disorder
Bleeding or pain in early pregnancy,https://www.healthywa.wa.gov.au//Articles/A_E/Bleeding-or-pain-in-early-pregnancy
Blocked milk ducts,https://www.healthywa.wa.gov.au//Articles/A_E/Blocked-milk-ducts
Botulism,https://www.healthywa.wa.gov.au//Articles/A_E/Botulism
Bowel cancer,https://www.healthywa.wa.gov.au//Articles/A_E/Bowel-cancer
Breast cancer,https://www.healthywa.wa.gov.au//Articles/A_E/Breast-cancer
Bronchiolitis,https://www.healthywa.wa.gov.au//Articles/A_E/Bronchiolitis
Bulimia nervosa,https://www.healthywa.wa.gov.au//Articles/A_E/Bulimia-nervosa
COVID-19 (coronavirus),https://www.healthywa.wa.gov.au//Articles/A_E/Coronavirus
CPO (Carbapenemase-producing organisms),https://www.healthywa.wa.gov.au//Articles/A_E/CPO
Campylobacter infection,https://www.healthywa.wa.gov.au//Articles/A_E/Campylobacter-infection
Candida auris,https://www.healthywa.wa.gov.au//Articles/A_E/Candida-auris
Cardiac rehabilitation,https://www.healthywa.wa.gov.au//Articles/A_E/Cardiac-rehabilitation
Cardiomyopathy,https://www.healthywa.wa.gov.au//Articles/A_E/Cardiomyopathy
Carpal tunnel syndrome,https://www.healthywa.wa.gov.au//Articles/A_E/Carpal-tunnel-syndrome
Cerebral palsy,https://www.healthywa.wa.gov.au//Articles/A_E/Cerebral-palsy
Cervical cancer,https://www.healthywa.wa.gov.au//Articles/A_E/Cervical-cancer
Chest injuries and rib fractures,https://www.healthywa.wa.gov.au//Articles/A_E/Chest-injuries-and-rib-fractures
Chest pain,https://www.healthywa.wa.gov.au//Articles/A_E/Chest-pain
Chickenpox (varicella),https://www.healthywa.wa.gov.au//Articles/A_E/Chickenpox-varicella
Chlamydia,https://www.healthywa.wa.gov.au//Articles/A_E/Chlamydia
Cholera,https://www.healthywa.wa.gov.au//Articles/A_E/Cholera
Chronic obstructive pulmonary disease,https://www.healthywa.wa.gov.au//Articles/A_E/Chronic-obstructive-pulmonary-disease
Coeliac disease,https://www.healthywa.wa.gov.au//Articles/A_E/Coeliac-disease
Colorectal cancer,https://www.healthywa.wa.gov.au//Articles/A_E/Colorectal-cancer
Colour blindness,https://www.healthywa.wa.gov.au//Articles/A_E/Colour-blindness
Common cold,https://www.healthywa.wa.gov.au//Articles/A_E/Common-cold
Community associated MRSA (CA-MRSA),https://www.healthywa.wa.gov.au//Articles/A_E/Community-associated-MRSA-CA-MRSA
Complex regional pain syndrome,https://www.healthywa.wa.gov.au//Articles/A_E/Complex-regional-pain-syndrome
Concussion,https://www.healthywa.wa.gov.au//Articles/A_E/Concussion
Congenital heart defects,https://www.healthywa.wa.gov.au//Articles/A_E/Congenital-heart-defects
Constipation,https://www.healthywa.wa.gov.au//Articles/A_E/Constipation
Coronary heart disease,https://www.healthywa.wa.gov.au//Articles/A_E/Coronary-heart-disease
Croup,https://www.healthywa.wa.gov.au//Articles/A_E/Croup
Cryptosporidium infection (Cryptosporidiosis),https://www.healthywa.wa.gov.au//Articles/A_E/Cryptosporidiosis
Cystic fibrosis,https://www.healthywa.wa.gov.au//Articles/A_E/Cystic-fibrosis
Deafness,https://www.healthywa.wa.gov.au//Articles/A_E/Deafness
Decompression illness,https://www.healthywa.wa.gov.au//Articles/A_E/Decompression-illness
Deep vein thrombosis,https://www.healthywa.wa.gov.au//Articles/A_E/Deep-vein-thrombosis
Delusions,https://www.healthywa.wa.gov.au//Articles/A_E/Delusions
Depression – reversing the vicious cycle,https://www.healthywa.wa.gov.au//Articles/A_E/Depression-reversing-the-vicious-cycle
Diabetes,https://www.healthywa.wa.gov.au//Articles/A_E/Diabetes
Diarrhoea and vomiting,https://www.healthywa.wa.gov.au//Articles/A_E/Diarrhoea-and-vomiting
Diethylstilbestrol (DES) and cancer,https://www.healthywa.wa.gov.au//Articles/A_E/Diethylstilbestrol-DES-and-cancer
Diphtheria,https://www.healthywa.wa.gov.au//Articles/A_E/Diphtheria
Eating disorders,https://www.healthywa.wa.gov.au//Articles/A_E/Eating-disorders
Ebolavirus disease (EVD),https://www.healthywa.wa.gov.au//Articles/A_E/Ebolavirus-disease-EVD
Ectopic pregnancy,https://www.healthywa.wa.gov.au//Articles/A_E/Ectopic-pregnancy
Eczema (atopic dermatitis),https://www.healthywa.wa.gov.au//Articles/A_E/Eczema-atopic-dermatitis
Engorgement,https://www.healthywa.wa.gov.au//Articles/A_E/Engorgement
Epilepsy,https://www.healthywa.wa.gov.au//Articles/J_M/Living-with-epilepsy-in-WA-finding-the-support-you-need
Eye injury – foreign object in the eye,https://www.healthywa.wa.gov.au//Articles/A_E/Eye-injury-foreign-object-in-the-eye
Familial hypercholesterolaemia,https://www.healthywa.wa.gov.au//Articles/F_I/Familial-hypercholesterolaemia
Febrile convulsions,https://www.healthywa.wa.gov.au//Articles/F_I/Febrile-convulsions
Fibromyalgia,https://www.healthywa.wa.gov.au//Articles/F_I/Fibromyalgia
Food poisoning,https://www.healthywa.wa.gov.au//Articles/F_I/Food-poisoning
Gastroenteritis,https://www.healthywa.wa.gov.au//Articles/F_I/Gastroenteritis
Generalised anxiety disorder – emotional health for new parents,https://www.healthywa.wa.gov.au//Articles/A_E/Emotional-health-for-new-parents-generalised-anxiety-disorder
Genetic conditions,https://www.healthywa.wa.gov.au//Articles/F_I/Genetic-conditions
Genetic paediatric services,https://www.healthywa.wa.gov.au//Articles/F_I/Genetic-paediatric-services
Genital warts,https://www.healthywa.wa.gov.au//Articles/F_I/Genital-warts
German measles (rubella),https://www.healthywa.wa.gov.au//Articles/F_I/German-measles-rubella
Giardia infection (giardiasis),https://www.healthywa.wa.gov.au//Articles/F_I/Giardia-infection
Glaucoma,https://www.healthywa.wa.gov.au//Articles/F_I/Glaucoma
Gonorrhoea,https://www.healthywa.wa.gov.au//Articles/F_I/Gonorrhoea
Gout,https://www.healthywa.wa.gov.au//Articles/F_I/Gout
Gynaecological cancer,https://www.healthywa.wa.gov.au//Articles/F_I/Gynaecologic-cancer
HIV and AIDS,https://www.healthywa.wa.gov.au//Articles/F_I/HIV-and-AIDS
Haematological (blood) cancer,https://www.healthywa.wa.gov.au//Articles/F_I/Haematological-blood-cancer
Haemophilus influenzae type B (Hib),https://www.healthywa.wa.gov.au//Articles/F_I/Haemophilus-influenzae-type-B-Hib
Hallucinations and hearing voices,https://www.healthywa.wa.gov.au//Articles/F_I/Hallucinations-and-hearing-voices
"Hand, foot and mouth disease",https://www.healthywa.wa.gov.au//Articles/F_I/Hand-foot-and-mouth-disease
Hay fever,https://www.healthywa.wa.gov.au//Articles/F_I/Hay-fever-allergic-rhinitis
Head and neck cancer,https://www.healthywa.wa.gov.au//Articles/F_I/Head-and-neck-cancer
Head lice,https://www.healthywa.wa.gov.au//Articles/F_I/Head-lice
Headache,https://www.healthywa.wa.gov.au//Articles/F_I/Headache
Healthcare associated infections,https://www.healthywa.wa.gov.au//Articles/F_I/Healthcare-associated-infections
Heart attack,https://www.healthywa.wa.gov.au//Articles/F_I/Heart-attack
Heart failure,https://www.healthywa.wa.gov.au//Articles/F_I/Heart-failure
Hepatitis A,https://www.healthywa.wa.gov.au//Articles/F_I/Hepatitis-A
Hepatitis B,https://www.healthywa.wa.gov.au//Articles/F_I/Hepatitis-B
Hepatitis C,https://www.healthywa.wa.gov.au//Articles/F_I/Hepatitis-C
Herpes (HSV),https://www.healthywa.wa.gov.au//Articles/F_I/Herpes
High blood pressure,https://www.healthywa.wa.gov.au//Articles/F_I/High-blood-pressure
High cholesterol,https://www.healthywa.wa.gov.au//Articles/F_I/High-cholesterol
Human papillomavirus (HPV),https://www.healthywa.wa.gov.au//Articles/F_I/Human-papillomavirus-HPV
Hyperthyroidism (overactive thyroid),https://www.healthywa.wa.gov.au//Articles/F_I/Hyperthyroidism-overactive-thyroid
Hyphaema,https://www.healthywa.wa.gov.au//Articles/F_I/Hyphaema
Hypothyroidism (underactive thyroid),https://www.healthywa.wa.gov.au//Articles/F_I/Hypothyroidism-underactive-thyroid
Impetigo (school sores),https://www.healthywa.wa.gov.au//Articles/F_I/Impetigo-school-sores
Infectious diseases found overseas,https://www.healthywa.wa.gov.au//Articles/F_I/Infectious-diseases-found-overseas
Influenza (flu),https://www.healthywa.wa.gov.au//Articles/F_I/Flu-influenza
Influenza (flu) pandemic,https://www.healthywa.wa.gov.au//Articles/F_I/Flu-influenza-pandemic
Japanese encephalitis,https://www.healthywa.wa.gov.au//Articles/J_M/Japanese-encephalitis
Kidney stones,https://www.healthywa.wa.gov.au//Articles/J_M/Kidney-stones
Lactose intolerance in babies,https://www.healthywa.wa.gov.au//Articles/J_M/Lactose-intolerance-in-babies
Legionnaires' disease,https://www.healthywa.wa.gov.au//Articles/J_M/Legionnaires-disease
Listeria infection,https://www.healthywa.wa.gov.au//Articles/J_M/Listeria-infection
Low back pain,https://www.healthywa.wa.gov.au//Articles/J_M/Low-back-pain
Lung cancer,https://www.healthywa.wa.gov.au//Articles/J_M/Lung-cancer
Lymphogranuloma venereum (LGV),https://www.healthywa.wa.gov.au//Articles/J_M/Lymphogranuloma-venereum-LGV
MRSA (methicillin resistant staphylococcus aureus),https://www.healthywa.wa.gov.au//Articles/J_M/MRSA
MRSA in hospitals,https://www.healthywa.wa.gov.au//Articles/J_M/MRSA-in-hospitals
Malaria,https://www.healthywa.wa.gov.au//Articles/J_M/Malaria
Mastitis,https://www.healthywa.wa.gov.au//Articles/J_M/Mastitis
Measles,https://www.healthywa.wa.gov.au//Articles/J_M/Measles
Melanoma and skin cancer,https://www.healthywa.wa.gov.au//Articles/J_M/Melanoma-and-skin-cancer
Meningococcal disease,https://www.healthywa.wa.gov.au//Articles/J_M/Meningococcal-disease
Molluscum contagiosum,https://www.healthywa.wa.gov.au//Articles/J_M/Molluscum-contagiosum
Morning sickness,https://www.healthywa.wa.gov.au//Articles/J_M/Morning-sickness
Motor neurone disease (MND),https://www.healthywa.wa.gov.au//Articles/J_M/Motor-neurone-disease-MND
Mpox (monkeypox),https://www.healthywa.wa.gov.au//Articles/J_M/Monkeypox
Multiple sclerosis,https://www.healthywa.wa.gov.au//Articles/J_M/Multiple-sclerosis
Mumps,https://www.healthywa.wa.gov.au//Articles/J_M/Mumps
Murray Valley encephalitis and Kunjin viruses,https://www.healthywa.wa.gov.au//Articles/J_M/Murray-Valley-encephalitis-and-Kunjin-viruses
Neck pain,https://www.healthywa.wa.gov.au//Articles/N_R/Neck-pain
Nightmares and flashbacks,https://www.healthywa.wa.gov.au//Articles/N_R/Nightmares-and-flashbacks
Non-specific urethritis (NSU),https://www.healthywa.wa.gov.au//Articles/N_R/Non-specific-urethritis-NSU
Norovirus,https://www.healthywa.wa.gov.au//Articles/N_R/Norovirus
Nose bleeds,https://www.healthywa.wa.gov.au//Articles/N_R/Nose-bleeds
Obsessive compulsive disorder – emotional health for new parents,https://www.healthywa.wa.gov.au//Articles/A_E/Emotional-health-for-new-parents-obsessive-compulsive-disorder
Osteoarthritis,https://www.healthywa.wa.gov.au//Articles/N_R/Osteoarthritis
Osteoporosis,https://www.healthywa.wa.gov.au//Articles/N_R/Osteoporosis
Ovarian cancer,https://www.healthywa.wa.gov.au//Articles/N_R/Ovarian-cancer
Overweight and obesity,https://www.healthywa.wa.gov.au//Articles/J_M/Maintaining-a-healthy-lifestyle/Overweight-and-obesity
Panic disorder – emotional health for new parents,https://www.healthywa.wa.gov.au//Articles/A_E/Emotional-health-for-new-parents-panic-disorder
Parkinson's,https://www.healthywa.wa.gov.au//Articles/N_R/Parkinsons
Pelvic inflammatory disease (PID),https://www.healthywa.wa.gov.au//Articles/N_R/Pelvic-inflammatory-disease-PID
Phobias – emotional health for new parents,https://www.healthywa.wa.gov.au//Articles/A_E/Emotional-health-for-new-parents-phobias
Pneumococcal disease,https://www.healthywa.wa.gov.au//Articles/N_R/Pneumococcal-disease
Pneumonia,https://www.healthywa.wa.gov.au//Articles/N_R/Pneumonia
Post-traumatic stress disorder – emotional health for new parents,https://www.healthywa.wa.gov.au//Articles/A_E/Emotional-health-for-new-parents-post-traumatic-stress-disorder
Pregnancy loss,https://www.healthywa.wa.gov.au//Articles/N_R/Pregnancy-loss
Prostate cancer,https://www.healthywa.wa.gov.au//Articles/N_R/Prostate-cancer
Pubic lice,https://www.healthywa.wa.gov.au//Articles/N_R/Pubic-lice
Q fever,https://www.healthywa.wa.gov.au//Articles/N_R/Q-fever
Rabies and lyssavirus,https://www.healthywa.wa.gov.au//Articles/N_R/Rabies-and-lyssavirus
Rare diseases,https://www.healthywa.wa.gov.au//Articles/N_R/Rare-diseases
Respiratory syncytial virus (RSV),https://www.healthywa.wa.gov.au//Articles/N_R/Respiratory-syncytial-virus
Rheumatoid arthritis,https://www.healthywa.wa.gov.au//Articles/N_R/Rheumatoid-arthritis
Ross River virus and Barmah Forest virus,https://www.healthywa.wa.gov.au//Articles/N_R/Ross-River-virus-and-Barmah-Forest-virus
Rotavirus,https://www.healthywa.wa.gov.au//Articles/N_R/Rotavirus
Salmonella infection,https://www.healthywa.wa.gov.au//Articles/S_T/Salmonella-infection
Scabies,https://www.healthywa.wa.gov.au//Articles/S_T/Scabies
Scarlet fever,https://www.healthywa.wa.gov.au//Articles/S_T/Scarlet-fever
Schizophrenia,https://www.healthywa.wa.gov.au//Articles/S_T/Schizophrenia
Scoliosis,https://www.healthywa.wa.gov.au//Articles/S_T/Scoliosis
Sexually transmissible infections (STIs),https://www.healthywa.wa.gov.au//Articles/A_E/About-sexually-transmissible-infections-STIs
Shiga toxin producing E. coli (STEC) and haemolytic uraemic syndrome (HUS),https://www.healthywa.wa.gov.au//Articles/S_T/Shiga-toxin-producing-E-coli-STEC-and-haemolytic-uraemic-syndrome-HUS
Shigella infection and dysentery,https://www.healthywa.wa.gov.au//Articles/S_T/Shigella-infection-and-dysentery
Shingles,https://www.healthywa.wa.gov.au//Articles/S_T/Shingles
Shoulder dislocation,https://www.healthywa.wa.gov.au//Articles/S_T/Shoulder-dislocation
Skin cancer,https://www.healthywa.wa.gov.au//Articles/S_T/Skin-cancer
Skin lesions,https://www.healthywa.wa.gov.au//Articles/S_T/Skin-lesions
Slapped cheek syndrome (Parvovirus),https://www.healthywa.wa.gov.au//Articles/S_T/Slapped-cheek-syndrome-Parvovirus
Sprain,https://www.healthywa.wa.gov.au//Articles/S_T/Sprain
Stomach and oesophageal cancer,https://www.healthywa.wa.gov.au//Articles/S_T/Stomach-and-oesophageal-cancer
Stomach pain,https://www.healthywa.wa.gov.au//Articles/S_T/Stomach-pain
Stroke,https://www.healthywa.wa.gov.au//Articles/S_T/Stroke
Syphilis,https://www.healthywa.wa.gov.au//Articles/S_T/Syphilis
Syphilis in pregnancy,https://www.healthywa.wa.gov.au//Articles/S_T/Syphilis-in-pregnancy
Testicular conditions,https://www.healthywa.wa.gov.au//Articles/S_T/Testicular-conditions
Tetanus,https://www.healthywa.wa.gov.au//Articles/S_T/Tetanus
Threadworms,https://www.healthywa.wa.gov.au//Articles/S_T/Threadworms
Thrush (genital),https://www.healthywa.wa.gov.au//Articles/S_T/Thrush-genital
Tonsillitis,https://www.healthywa.wa.gov.au//Articles/S_T/Tonsillitis
Tooth decay and gum disease,https://www.healthywa.wa.gov.au//Articles/S_T/Tooth-decay-and-gum-disease
Trauma,https://www.healthywa.wa.gov.au//Articles/S_T/Trauma
Trichomoniasis,https://www.healthywa.wa.gov.au//Articles/S_T/Trichomoniasis
Tuberculosis,https://www.healthywa.wa.gov.au//Articles/S_T/Tuberculosis
Typhoid and paratyphoid fever,https://www.healthywa.wa.gov.au//Articles/S_T/Typhoid-and-paratyphoid-fever
Upper gastro intestinal cancer,https://www.healthywa.wa.gov.au//Articles/U_Z/Upper-gastro-intestinal-cancer
Urinary tract infections (UTIs),https://www.healthywa.wa.gov.au//Articles/U_Z/UTIs
Urological cancer,https://www.healthywa.wa.gov.au//Articles/U_Z/Urological-cancer
Vancomycin-resistant Enterococci (VRE),https://www.healthywa.wa.gov.au//Articles/U_Z/vancomycin-resistant-Enterococci-VRE
Viral meningitis,https://www.healthywa.wa.gov.au//Articles/U_Z/Viral-meningitis
Wheezing in children,https://www.healthywa.wa.gov.au//Articles/U_Z/Wheezing-in-children
Whooping cough (pertussis),https://www.healthywa.wa.gov.au//Articles/U_Z/Whooping-cough-pertussis
Wounds,https://www.healthywa.wa.gov.au//Articles/U_Z/Wounds
Yellow fever,https://www.healthywa.wa.gov.au//Articles/U_Z/Yellow-fever
Your family health history,https://www.healthywa.wa.gov.au//Articles/U_Z/Your-family-health-history
Zika virus,https://www.healthywa.wa.gov.au//Articles/U_Z/Zika-virus
